,제목,작성일자,url
1,[이미지] 워라밸일자리 지원금,2020-04-29 ,http://ncov.mohw.go.kr/shBoardView.do?brdId=5&brdGubun=53&ncvContSeq=2101
2,[카드뉴스] 소상공인_긴급자금지원,2020-04-29 ,http://ncov.mohw.go.kr/shBoardView.do?brdId=5&brdGubun=53&ncvContSeq=2100
3,[카드뉴스] 소상공인_세정 지원,2020-04-29 ,http://ncov.mohw.go.kr/shBoardView.do?brdId=5&brdGubun=53&ncvContSeq=2099
4,[카드뉴스] 신규채용 지원,2020-04-29 ,http://ncov.mohw.go.kr/shBoardView.do?brdId=5&brdGubun=53&ncvContSeq=2085
5,[카드뉴스] 고용유지 지원,2020-04-29 ,http://ncov.mohw.go.kr/shBoardView.do?brdId=5&brdGubun=53&ncvContSeq=2084
6,[이미지] 일자리안정자금,2020-04-28 ,http://ncov.mohw.go.kr/shBoardView.do?brdId=5&brdGubun=53&ncvContSeq=2065
7,[카드뉴스] [제5차 비상경제회의] 100조원+@ 패키지를 확대합니다.,2020-04-23 ,http://ncov.mohw.go.kr/shBoardView.do?brdId=5&brdGubun=53&ncvContSeq=2018
8,[카드뉴스] 코로나19로 인한 수출 어려움을 해소하여 수출 기반을 지키고 새로운 돌파구를 마련하겠습니다!,2020-04-21 ,http://ncov.mohw.go.kr/shBoardView.do?brdId=5&brdGubun=53&ncvContSeq=1985
9,[카드뉴스] 전국소상공인·취약계층 도시가스요금 납부유예가 가능합니다!,2020-04-21 ,http://ncov.mohw.go.kr/shBoardView.do?brdId=5&brdGubun=53&ncvContSeq=1982
10,[카드뉴스] 기술혁신 지속으로 수출기반이 유지되도록 기업의 R&amp;D 부담을 줄이겠습니다!,2020-04-21 ,http://ncov.mohw.go.kr/shBoardView.do?brdId=5&brdGubun=53&ncvContSeq=1981
